CHILDREN,PARENT
2o7.net,msn.com
aka.ms,msn.com
atdmt.com,msn.com
bing.com,msn.com
careerbuilder.com,msn.com
delish.com,msn.com
discoverbing.com,msn.com
discovermsn.com,msn.com
facebook.com,msn.com
foxsports.com,msn.com
foxsportswisconsin.com,msn.com
icra.org,msn.com
live.com,msn.com
microsoft.com,msn.com
msads.net,msn.com
msn.com,msn.com
msnrewards.com,msn.com
myhomemsn.com,msn.com
nbcnews.com,msn.com
outlook.com,msn.com
rsac.org,msn.com
s-msn.com,msn.com
scorecardresearch.com,msn.com
skype.com,msn.com
twitter.com,msn.com
w3.org,msn.com
yardbarker.com,msn.com
